name,link
Achilles Tendonitis,https://ada.com/conditions/achilles-tendonitis/
Acne Vulgaris,https://ada.com/conditions/acne-vulgaris/
Acute Appendicitis,https://ada.com/conditions/acute-appendicitis/
Acute Aspiration of Oropharyngeal or Gastric Contents,https://ada.com/conditions/acute-aspiration-of-oropharyngeal-or-gastric-contents/
Acute Bronchitis,https://ada.com/conditions/acute-bronchitis/
Acute Gastritis,https://ada.com/conditions/acute-gastritis/
Acute HIV Infection,https://ada.com/conditions/acute-hiv-infection/
Acute Heart Failure,https://ada.com/conditions/acute-heart-failure/
Acute Laryngitis,https://ada.com/conditions/acute-laryngitis/
Acute Otitis Media,https://ada.com/conditions/acute-otitis-media/
Acute Pancreatitis,https://ada.com/conditions/acute-pancreatitis/
Acute Panic Attack,https://ada.com/conditions/acute-panic-attack/
Acute Pharyngitis,https://ada.com/conditions/acute-pharyngitis/
Acute Pyelonephritis,https://ada.com/conditions/acute-pyelonephritis/
Acute Stress Disorder,https://ada.com/conditions/acute-stress-disorder/
Acute Varicella Zoster,https://ada.com/conditions/acute-varicella-zoster/
Adjustment Disorder,https://ada.com/conditions/adjustment-disorder/
Alcohol Intoxication,https://ada.com/conditions/alcohol-intoxication/
Alcohol Withdrawal,https://ada.com/conditions/alcohol-withdrawal/
Allergic Conjunctivitis,https://ada.com/conditions/allergic-conjunctivitis/
Allergic Rhinitis,https://ada.com/conditions/allergic-rhinitis/
Amyotrophic Lateral Sclerosis (ALS),https://ada.com/conditions/amyotrophic-lateral-sclerosis/
Anal Cancer,https://ada.com/conditions/anal-cancer/
Anal Fissure,https://ada.com/conditions/anal-fissure/
Anaphylaxis,https://ada.com/conditions/anaphylaxis/
Anemia,https://ada.com/conditions/anemia/
Aortic Dissection,https://ada.com/conditions/aortic-dissection/
Aphthous Mouth Ulcers,https://ada.com/conditions/aphthous-ulcers/
Appendix Pain,https://ada.com/conditions/appendix-pain/
Arthritis,https://ada.com/conditions/arthritis/
Asthma,https://ada.com/conditions/asthma/
Atherosclerosis,https://ada.com/conditions/atherosclerosis/
Atopic Dermatitis,https://ada.com/conditions/atopic-dermatitis/
Attention Deficit Hyperactivity Disorder (ADHD),https://ada.com/conditions/attention-deficit-hyperactivity-disorder/
Baby Eczema,https://ada.com/conditions/baby-eczema/
Bacterial Conjunctivitis,https://ada.com/conditions/bacterial-conjunctivitis/
Bacterial Gastroenteritis,https://ada.com/conditions/bacterial-gastroenteritis/
Bacterial Meningitis,https://ada.com/conditions/bacterial-meningitis/
Bacterial Prostatitis,https://ada.com/conditions/bacterial-prostatitis/
Bacterial Sinusitis,https://ada.com/conditions/bacterial-sinusitis/
Bacterial Vaginitis,https://ada.com/conditions/bacterial-vaginitis/
Benign Mole,https://ada.com/conditions/benign-mole/
Benign Paroxysmal Positional Vertigo,https://ada.com/conditions/benign-paroxysmal-positional-vertigo/
Benign Prostatic Hyperplasia,https://ada.com/conditions/benign-prostatic-hyperplasia/
Bipolar Disorder,https://ada.com/conditions/bipolar-affective-disorder/
Bladder Cancer,https://ada.com/conditions/bladder-cancer/
Blood Test Results,https://ada.com/blood-test-results/
Borderline Personality Disorder,https://ada.com/conditions/borderline-personality-disorder/
Brain Stem Infarct,https://ada.com/conditions/brain-stem-infarct/
Breast Cancer,https://ada.com/conditions/breast-cancer/
Burnout,https://ada.com/conditions/burnout/
CT Angiogram,https://ada.com/ct-angiogram/
CT Scan,https://ada.com/ct-scan/
CT Scan (Head),https://ada.com/ct-scan-head/
Candida Vulvovaginitis,https://ada.com/conditions/candida-vulvovaginitis/
Cardiovascular Disease Risk Factors,https://ada.com/cardiovascular-disease-risk-factors/
Carpal Tunnel Syndrome (CTS),https://ada.com/conditions/carpal-tunnel-syndrome/
Cataracts,https://ada.com/conditions/cataracts/
Causes of Miscarriage,https://ada.com/causes-of-miscarriage/
Celiac Disease,https://ada.com/conditions/coeliac-disease/
Cervical Cancer,https://ada.com/conditions/cervical-cancer/
Cervicitis,https://ada.com/conditions/cervicitis/
Chemotherapy Side-Effects,https://ada.com/chemotherapy-side-effects/
Chest Cold,https://ada.com/conditions/chest-cold/
Childhood Absence Epilepsy,https://ada.com/conditions/childhood-absence-epilepsy/
Childhood Asthma,https://ada.com/conditions/childhood-asthma/
Chiragra,https://ada.com/conditions/chiragra/
Cholecystitis,https://ada.com/conditions/cholecystitis/
Chronic Bronchitis,https://ada.com/conditions/chronic-bronchitis/
Chronic Gastritis,https://ada.com/conditions/chronic-gastritis/
Chronic Heart Failure,https://ada.com/conditions/chronic-heart-failure/
Chronic Idiopathic Constipation,https://ada.com/conditions/chronic-idiopathic-constipation/
Chronic Laryngitis,https://ada.com/conditions/chronic-laryngitis/
Chronic Pelvic Pain,https://ada.com/conditions/chronic-pelvic-pain/
Chronic Pharyngitis,https://ada.com/conditions/chronic-pharyngitis/
Chronic Renal Failure,https://ada.com/conditions/chronic-renal-failure/
Cluster Headaches (CHs),https://ada.com/conditions/cluster-headaches/
Colorectal Cancer,https://ada.com/conditions/colorectal-cancer/
Colostomy,https://ada.com/colostomy/
Colostomy Bag,https://ada.com/colostomy-bag/
Common Cold,https://ada.com/conditions/common-cold/
Common Warts,https://ada.com/conditions/common-warts/
Concussion Syndrome,https://ada.com/conditions/concussion-syndrome/
Congenital Hypothyroidism,https://ada.com/conditions/congenital-hypothyroidism/
Conjunctivitis,https://ada.com/conditions/conjunctivitis/
Contact Dermatitis,https://ada.com/conditions/contact-dermatitis/
Conversion Disorder,https://ada.com/conditions/conversion-disorder/
Coronary Artery Disease,https://ada.com/conditions/coronary-artery-disease/
Cradle Cap,https://ada.com/conditions/cradle-cap/
Crohn’s Disease,https://ada.com/conditions/crohns-disease/
Cryptorchidism,https://ada.com/conditions/cryptorchidism/
Cushing’s Syndrome,https://ada.com/conditions/cushings-syndrome/
Cutaneous Burns,https://ada.com/conditions/cutaneous-burns/
Cyclothymic Disorder,https://ada.com/conditions/cyclothymic-disorder/
Cystic Fibrosis,https://ada.com/conditions/cystic-fibrosis/
Cytomegalovirus Infection,https://ada.com/conditions/cytomegalovirus-infection/
Dementia With Lewy Bodies,https://ada.com/conditions/dementia-with-lewy-bodies/
Dengue Fever,https://ada.com/conditions/dengue-fever/
Dental Abscess,https://ada.com/conditions/dental-abscess/
Depression in Childhood or Adolescence,https://ada.com/conditions/depression-in-childhood-or-adolescence/
Depressive Episode,https://ada.com/conditions/depressive-episode/
Developmental Dysplasia of the Hip,https://ada.com/conditions/developmental-dysplasia-of-the-hip/
Diabetes,https://ada.com/conditions/diabetes/
Diabetes Insipidus,https://ada.com/conditions/diabetes-insipidus/
Diabetes Mellitus (Type 2),https://ada.com/conditions/diabetes-mellitus-type-2/
Diaper Rash,https://ada.com/conditions/diaper-rash/
Disseminated Tuberculosis,https://ada.com/conditions/disseminated-tuberculosis/
Diverticulitis,https://ada.com/conditions/diverticulitis/
Dry Eye Syndrome,https://ada.com/conditions/dry-eye-syndrome/
Early Disseminated Lyme Disease,https://ada.com/conditions/early-disseminated-lyme-disease/
Early Localized Lyme Disease,https://ada.com/conditions/early-localized-lyme-disease/
Ebola Virus Disease,https://ada.com/conditions/ebola-virus-disease/
Ectopic Pregnancy,https://ada.com/conditions/ectopic-pregnancy/
Electrocardiogram,https://ada.com/electrocardiogram/
Endocarditis,https://ada.com/conditions/endocarditis/
Endometrial Cancer,https://ada.com/conditions/endometrial-cancer/
Endometrial Polyps,https://ada.com/conditions/endometrial-polyps/
Endometriosis,https://ada.com/conditions/endometriosis/
Enlarged Prostate,https://ada.com/conditions/enlarged-prostate/
Erectile Dysfunction,https://ada.com/conditions/erectile-dysfunction/
Esophageal Cancer,https://ada.com/conditions/esophageal-cancer/
Essential Hypertension,https://ada.com/conditions/essential-hypertension/
Essential Tremor,https://ada.com/conditions/essential-tremor/
Fabry Disease,https://ada.com/conditions/fabry-disease/
Failure to Thrive,https://ada.com/conditions/failure-to-thrive/
Familial Hypercholesterolemia,https://ada.com/conditions/familial-hypercholesterolemia/
Febrile Seizure,https://ada.com/conditions/febrile-seizure/
Fetal Alcohol Spectrum Disorders,https://ada.com/conditions/fetal-alcohol-spectrum-disorders/
Fibrocystic Breasts,https://ada.com/conditions/fibrocystic-breasts/
Fibromyalgia,https://ada.com/conditions/fibromyalgia/
Folate Deficiency,https://ada.com/conditions/folate-deficiency/
Food Allergy,https://ada.com/conditions/food-allergy/
Foods to Avoid During Pregnancy,https://ada.com/foods-to-avoid-during-pregnancy/
Foods to Eat During Pregnancy,https://ada.com/foods-to-eat-during-pregnancy/
Foreign Body Aspiration,https://ada.com/conditions/foreign-body-aspiration/
Foreign Body Ingestion,https://ada.com/conditions/foreign-body-ingestion/
Functional Dyspepsia,https://ada.com/conditions/functional-dyspepsia/
Gallbladder Cancer,https://ada.com/conditions/gallbladder-cancer/
Gastroenteritis,https://ada.com/conditions/gastroenteritis/
Gastroesophageal Reflux Disease,https://ada.com/conditions/gastroesophageal-reflux-disease/
Generalized Anxiety Disorder,https://ada.com/conditions/generalized-anxiety-disorder/
Generalized Seizure,https://ada.com/conditions/generalized-seizure/
Genital Herpes,https://ada.com/conditions/genital-herpes/
Genital Tract Chlamydia Infection,https://ada.com/conditions/genital-tract-chlamydia-infection/
Genital Warts,https://ada.com/conditions/genital-warts/
Gonorrhea Infection,https://ada.com/conditions/gonorrhea-infection/
Gout,https://ada.com/conditions/gout/
Hashimoto’s Thyroiditis Hypothyroidism,https://ada.com/conditions/hashimotos-thyroiditis-hypothyroidism/
Hay Fever,https://ada.com/conditions/hay-fever/
Headache,https://ada.com/conditions/headache/
Hemoglobin,https://ada.com/hemoglobin/
Hemoglobin Levels,https://ada.com/hemoglobin-levels/
Hemophilia,https://ada.com/conditions/hemophilia/
Hemorrhagic Stroke,https://ada.com/conditions/hemorrhagic-stroke/
Hemorrhoids,https://ada.com/conditions/hemorrhoids/
Herpangina,https://ada.com/conditions/herpangina/
Herpes Labialis (Cold Sores),https://ada.com/conditions/herpes-labialis/
Herpes Simplex,https://ada.com/conditions/herpes-simplex/
Herpes Zoster Infection,https://ada.com/conditions/herpes-zoster-infection/
Herpes Zoster Ophthalmicus,https://ada.com/conditions/herpes-zoster-ophthalmicus/
Hypertensive Retinopathy,https://ada.com/conditions/hypertensive-retinopathy/
Hyperthyroidism,https://ada.com/conditions/hyperthyroidism/
Hypoglycemia (Unspecified),https://ada.com/conditions/hypoglycemia-unspecified/
Hypothermia,https://ada.com/conditions/hypothermia/
Hypothyroidism,https://ada.com/conditions/hypothyroidism/
Ibuprofen,https://ada.com/ibuprofen/
Impetigo,https://ada.com/conditions/impetigo/
Infantile Atopic Dermatitis,https://ada.com/conditions/infantile-atopic-dermatitis/
Infantile Colic,https://ada.com/conditions/infantile-colic/
Infective Endocarditis,https://ada.com/conditions/infective-endocarditis/
Influenza Infection,https://ada.com/conditions/influenza-infection/
Inguinal Hernia,https://ada.com/conditions/inguinal-hernia/
Iron Deficiency (Anemia),https://ada.com/conditions/iron-deficiency-anemia/
Irritable Bowel Syndrome,https://ada.com/conditions/irritable-bowel-syndrome/
Ischemic Stroke,https://ada.com/conditions/ischemic-stroke/
Juvenile Idiopathic Arthritis,https://ada.com/conditions/juvenile-idiopathic-arthritis/
Juvenile Rheumatoid Arthritis,https://ada.com/conditions/juvenile-rheumatoid-arthritis/
Keratoconjunctivitis Sicca,https://ada.com/conditions/keratoconjunctivitis-sicca/
Keyhole Surgery,https://ada.com/keyhole-surgery/
Laryngeal Cancer,https://ada.com/conditions/laryngeal-cancer/
Late Lyme Disease,https://ada.com/conditions/late-lyme-disease/
Legionella Infection,https://ada.com/conditions/legionella-infection/
Liver Cirrhosis,https://ada.com/conditions/liver-cirrhosis/
Lower Gastrointestinal Hemorrhage,https://ada.com/conditions/lower-gastrointestinal-hemorrhage/
Lyme Disease,https://ada.com/conditions/lyme-disease/
Malaria,https://ada.com/conditions/malaria/
Melanoma,https://ada.com/conditions/melanoma/
Melatonin,https://ada.com/melatonin/
Menopause,https://ada.com/conditions/menopause/
Mesothelioma,https://ada.com/conditions/mesothelioma/
Middle Ear Infection,https://ada.com/conditions/middle-ear-infection/
Migraine,https://ada.com/conditions/migraine/
Migraine Headache,https://ada.com/conditions/migraine-headache/
Minor Head Trauma,https://ada.com/conditions/minor-head-trauma/
Miscarriage,https://ada.com/conditions/miscarriage/
Molar Pregnancy,https://ada.com/conditions/molar-pregnancy/
Morning Sickness,https://ada.com/conditions/morning-sickness/
Multiple Myeloma,https://ada.com/conditions/multiple-myeloma/
Multiple Sclerosis,https://ada.com/conditions/multiple-sclerosis/
Mumps,https://ada.com/conditions/mumps/
Musculoskeletal Lower Back Pain,https://ada.com/conditions/musculoskeletal-lower-back-pain/
Myasthenia Gravis,https://ada.com/conditions/myasthenia-gravis/
Myocardial Infarction,https://ada.com/conditions/myocardial-infarction/
Myocarditis,https://ada.com/conditions/myocarditis/
Nappy Rash,https://ada.com/conditions/nappy-rash/
Neonatal Jaundice,https://ada.com/conditions/neonatal-jaundice/
Nephritic Syndrome,https://ada.com/conditions/nephritic-syndrome/
Nephrolithiasis (Kidney Stones),https://ada.com/conditions/nephrolithiasis/
Nephrotic Syndrome,https://ada.com/conditions/nephrotic-syndrome/
Non-Allergic Rhinitis,https://ada.com/conditions/non-allergic-rhinitis/
Non-Small Cell Lung Cancer,https://ada.com/conditions/non-small-cell-lung-cancer/
Nonbacterial Prostatitis,https://ada.com/conditions/nonbacterial-prostatitis/
Obsessive Compulsive Disorder,https://ada.com/conditions/obsessive-compulsive-disorder/
Obstructive Sleep Apnea,https://ada.com/conditions/obstructive-sleep-apnea/
Onychomycosis (Fungal Nail Infection),https://ada.com/conditions/onychomycosis-fungal-nail-infection/
Open Angle Glaucoma,https://ada.com/conditions/open-angle-glaucoma/
Oropharyngeal Cancer,https://ada.com/conditions/oropharyngeal-cancer/
Osteomalacia,https://ada.com/conditions/osteomalacia/
Osteoporosis,https://ada.com/conditions/osteoporosis/
Otitis Externa,https://ada.com/conditions/otitis-externa/
Ovarian Cancer,https://ada.com/conditions/ovarian-cancer/
Ovarian Cancer Prevention,https://ada.com/ovarian-cancer-prevention/
Ovarian Cancer Screening,https://ada.com/ovarian-cancer-screening/
Oxytocin,https://ada.com/oxytocin/
Pancreatic Cancer,https://ada.com/conditions/pancreatic-cancer/
Parkinson’s Disease,https://ada.com/conditions/parkinsons-disease/
Pediatric Acute Otitis Media,https://ada.com/conditions/pediatric-acute-otitis-media/
Pediatric Pneumonia,https://ada.com/conditions/pediatric-pneumonia/
Pediatric Urinary Tract Infection,https://ada.com/conditions/pediatric-urinary-tract-infection/
Pediatric Viral Gastroenteritis,https://ada.com/conditions/pediatric-viral-gastroenteritis/
Pelvic Inflammatory Disease,https://ada.com/conditions/pelvic-inflammatory-disease/
Peptic Ulcer Disease,https://ada.com/conditions/peptic-ulcer-disease/
Pericardial Effusion,https://ada.com/conditions/pericardial-effusion/
Pericardiectomy (Surgery on the Heart Membrane),https://ada.com/pericardiectomy/
Pericarditis (Inflammation of the Heart Membrane),https://ada.com/conditions/pericarditis/
Peripheral Vascular Disease,https://ada.com/conditions/peripheral-vascular-disease/
Pertussis,https://ada.com/conditions/pertussis/
Plantar Warts,https://ada.com/conditions/plantar-warts/
Pneumonia,https://ada.com/conditions/pneumonia/
Pneumothorax,https://ada.com/conditions/pneumothorax/
Podagra,https://ada.com/conditions/podagra/
Poliovirus Infection,https://ada.com/conditions/poliovirus-infection/
Polycystic Ovary Syndrome,https://ada.com/conditions/polycystic-ovary-syndrome/
Polymyalgia Rheumatica,https://ada.com/conditions/polymyalgia-rheumatica/
Post Traumatic Stress Disorder (PTSD),https://ada.com/conditions/post-traumatic-stress-disorder/
Post-Streptococcal Glomerulonephritis,https://ada.com/conditions/post-streptococcal-glomerulonephritis/
Preeclampsia,https://ada.com/conditions/preeclampsia/
Pregnancy,https://ada.com/conditions/pregnancy/
Pregnancy Complications,https://ada.com/pregnancy-complications/
Premature Labor,https://ada.com/conditions/premature-labor/
Premenstrual Syndrome,https://ada.com/conditions/premenstrual-syndrome/
Prenatal Diagnosis,https://ada.com/prenatal-diagnosis/
Preparing for a Colonoscopy,https://ada.com/preparing-for-a-colonoscopy/
Pressure Ulcer,https://ada.com/conditions/pressure-ulcer/
Prostate Cancer,https://ada.com/conditions/prostate-cancer/
Prostatectomy (Prostate Surgery),https://ada.com/prostatectomy-prostate-surgery/
Pulmonary Embolism,https://ada.com/conditions/pulmonary-embolism/
Reactive Arthritis,https://ada.com/conditions/reactive-arthritis/
Repetitive Strain Injury (RSI),https://ada.com/conditions/repetitive-strain-injury/
Restless Legs Syndrome,https://ada.com/conditions/restless-legs-syndrome/
Rheumatic Fever,https://ada.com/conditions/rheumatic-fever/
Rheumatoid Arthritis,https://ada.com/conditions/rheumatoid-arthritis/
Rickets,https://ada.com/conditions/rickets/
Rosacea,https://ada.com/conditions/rosacea/
Roseola Infantum,https://ada.com/conditions/roseola-infantum/
Rubella,https://ada.com/conditions/rubella/
Scabies,https://ada.com/conditions/scabies/
Schizophrenia,https://ada.com/conditions/schizophrenia/
Secondary Syphilis,https://ada.com/conditions/secondary-syphilis/
Sepsis,https://ada.com/conditions/sepsis/
Septic Arthritis,https://ada.com/conditions/septic-arthritis/
Sickle Cell Disease,https://ada.com/conditions/sickle-cell-disease/
Signs of Arthritis,https://ada.com/signs-of-arthritis/
Signs of Autism,https://ada.com/signs-of-autism/
Signs of Bipolar Disorder,https://ada.com/signs-of-bipolar-disorder/
Signs of Burnout,https://ada.com/signs-of-burnout/
Signs of Dementia,https://ada.com/signs-of-dementia/
Signs of Depression,https://ada.com/signs-of-depression/
Signs of Diabetes,https://ada.com/signs-of-diabetes/
Signs of Ear Infection,https://ada.com/signs-of-ear-infection/
Signs of Hemorrhoids,https://ada.com/signs-of-hemorrhoids/
Signs of Herpes,https://ada.com/signs-of-herpes/
Signs of High Blood Pressure,https://ada.com/signs-of-high-blood-pressure/
Signs of Kidney Problems,https://ada.com/signs-of-kidney-problems/
Signs of Low Blood Pressure,https://ada.com/signs-of-low-blood-pressure/
Signs of Melanoma,https://ada.com/signs-of-melanoma/
Signs of Miscarriage,https://ada.com/signs-of-miscarriage/
Signs of Postpartum Depression,https://ada.com/signs-of-postpartum-depression/
Signs of Shingles: Herpes Zoster,https://ada.com/signs-of-shingles/
Signs of a Concussion,https://ada.com/signs-of-concussion/
Small Cell Lung Cancer,https://ada.com/conditions/small-cell-lung-cancer/
Smoke Inhalation,https://ada.com/conditions/smoke-inhalation/
Stomach Cancer,https://ada.com/conditions/stomach-cancer/
Subarachnoid Hemorrhage,https://ada.com/conditions/subarachnoid-hemorrhage/
Subluxation and Dislocation of the Hip,https://ada.com/conditions/subluxation-and-dislocation-of-the-hip/
Subluxation or Dislocation of the Radial Head,https://ada.com/conditions/subluxation-or-dislocation-of-the-radial-head/
Symptomatic Cholelithiasis,https://ada.com/conditions/symptomatic-cholelithiasis/
Syphilis Infection,https://ada.com/conditions/syphilis-infection/
Systemic Lupus Erythematosus,https://ada.com/conditions/systemic-lupus-erythematosus/
Tendonitis,https://ada.com/conditions/tendonitis/
Tension-Type Headache,https://ada.com/conditions/tension-type-headache/
Testicular Cancer,https://ada.com/conditions/testicular-cancer/
Testicular Torsion,https://ada.com/conditions/testicular-torsion/
Testosterone,https://ada.com/testosterone/
Tetanus,https://ada.com/conditions/tetanus/
Thalassemia,https://ada.com/conditions/thalassemia/
Thyroid and Pregnancy,https://ada.com/thyroid-and-pregnancy/
Thyroiditis,https://ada.com/conditions/thyroiditis/
Tonsillitis,https://ada.com/conditions/tonsillitis/
Trachelectomy,https://ada.com/trachelectomy/
Transient Ischemic Attack,https://ada.com/conditions/transient-ischemic-attack/
Trichomonas Vulvovaginitis,https://ada.com/conditions/trichomonas-vulvovaginitis/
Trigeminal Neuralgia,https://ada.com/conditions/trigeminal-neuralgia/
Ulcerative Colitis (UC),https://ada.com/conditions/ulcerative-colitis/
Unstable Angina Pectoris,https://ada.com/conditions/unstable-angina-pectoris/
Upper Gastrointestinal Hemorrhage,https://ada.com/conditions/upper-gastrointestinal-hemorrhage/
Urinary Incontinence (UI),https://ada.com/conditions/urinary-incontinence/
Urinary Incontinence (UI) Treatment,https://ada.com/urinary-incontinence-treatment/
Urinary Tract Infection,https://ada.com/conditions/urinary-tract-infection/
Uveitis,https://ada.com/conditions/uveitis/
Viral Conjunctivitis,https://ada.com/conditions/viral-conjunctivitis/
Viral Gastroenteritis,https://ada.com/conditions/viral-gastroenteritis/
Viral Meningitis,https://ada.com/conditions/viral-meningitis/
Viral Sinusitis (Sinus Infection),https://ada.com/conditions/viral-sinusitis/
Vitamin B12 Deficiency,https://ada.com/conditions/vitamin-b12-deficiency/
Vitamin D Deficiency,https://ada.com/conditions/vitamin-d-deficiency/
Vitamin K Deficiency,https://ada.com/conditions/vitamin-k-deficiency/
White Blood Cell Count,https://ada.com/white-blood-cell-count/
